{
  "accuracy": 0.6372663551401869,
  "macro_f1": 0.6586070445824808,
  "weighted_f1": 0.6348960121246359,
  "roc_auc": 0.8848260981791161
}